Input file,Input len,Output file,Output len,Tokens,Taken time,Capture
input_files\RTG-CPR-DLC-HalloweenScreamsheets_md_form_for_input.md,6279,input_files\RTG-CPR-DLC-HalloweenScreamsheets_md_form_for_input_output.md,2762,60215,342.06494309999925,482
input_files\RTG-CPR-DLC-BreakingYourStuffv1.1_md_form_for_input.md,5452,input_files\RTG-CPR-DLC-BreakingYourStuffv1.1_md_form_for_input_output.md,2015,47210,220.5409153999999,400
input_files\RTG-CPR-DLC-DidSomeoneSayMurder_md_form_for_input.md,5435,input_files\RTG-CPR-DLC-DidSomeoneSayMurder_md_form_for_input_output.md,1855,43197,221.11425529999906,320
input_files\RTG-CPR-DLC-HopeRebornPlusv1.1_md_form_for_input.md,9945,input_files\RTG-CPR-DLC-HopeRebornPlusv1.1_md_form_for_input_output.md,5005,97113,500.3934752000023,671
input_files\RTG-CPR-DLC-DangerGalDossierPlus_md_form_for_input.md,5243,input_files\RTG-CPR-DLC-DangerGalDossierPlus_md_form_for_input_output.md,2528,51404,237.6520246,456
,,,,,,2329
input_files\提取自RTG-CPR-TalesoftheRED-Digitalv1.2_md_form_for_input.md,10250,input_files\提取自RTG-CPR-TalesoftheRED-Digitalv1.2_md_form_for_input_output.md,4980,97637,452.4628671000246
input_files\提取自RTG-CPR-InterfaceRedvol4v1_01b_md_form_for_input.md,6123,input_files\提取自RTG-CPR-InterfaceRedvol4v1_01b_md_form_for_input_output.md,1946,53275,281.3724609000001
input_files\RTG-CPR-DLC-GoingQuietv1.1_md_form_for_input.md,4320,input_files\RTG-CPR-DLC-GoingQuietv1.1_md_form_for_input_output.md,1509,35975,306.78505550000045
D:\BaiduSyncdisk\桌游\赛博朋克红\赤红传说系列\赤红传说第一季\《赤红传说》20-37-欲望代理_md_form_for_input.md,10461,D:\BaiduSyncdisk\桌游\赛博朋克红\赤红传说系列\赤红传说第一季\《赤红传说》20-37-欲望代理_md_form_for_input_output.md,2909,86247,511.8652168999979
D:\BaiduSyncdisk\桌游\赛博朋克红\赤红传说系列\赤红传说：希望重生\《希望重生：The Angel's Share》20-41_md_form_for_input.md,11029,D:\BaiduSyncdisk\桌游\赛博朋克红\赤红传说系列\赤红传说：希望重生\《希望重生：The Angel's Share》20-41_md_form_for_input_output.md,3698,91963,755.2811307000011
D:\BaiduSyncdisk\桌游\赛博朋克红\赤红传说系列\赤红传说第一季\《赤红传说》92-111-收割死神_md_form_for_input.md,10442,D:\BaiduSyncdisk\桌游\赛博朋克红\赤红传说系列\赤红传说第一季\《赤红传说》92-111-收割死神_md_form_for_input_output.md,3700,94369,324.75770080000075
input_files\Dead Letter_md_form_for_input_1.md,29318,input_files\Dead Letter_md_form_for_input_1_output.md,10746,189277,1138.1235313999932
input_files\三月之妻_md_form_for_input_1.md,2322,input_files\三月之妻_md_form_for_input_1_output.md,979,19883,104.65887990000192
input_files\MinerU_DAMNATIO MEMORIAE - Final__20251125132452.md,19638,input_files\MinerU_DAMNATIO MEMORIAE - Final__20251125132452_output.md,7103,136712,647.7623444000001
input_files\MinerU_Whispers of the Dead - Issue 1.1__20251126111021.md,7139,input_files\MinerU_Whispers of the Dead - Issue 1.1__20251126111021_output.md,2584,49745,139.7262128000002
input_files\MinerU_Whispers of the Dead - Issue 2.2__20251126111031.md,25327,input_files\MinerU_Whispers of the Dead - Issue 2.2__20251126111031_output.md,9399,165989,453.29073969999445
input_files\MinerU_Whispers of the Dead - Issue 3__20251126111058.md,37392,input_files\MinerU_Whispers of the Dead - Issue 3__20251126111058_output.md,11877,218974,729.6510341999965
input_files\MinerU_Lost_in_the_Lights__20251126111002.md,52841,input_files\MinerU_Lost_in_the_Lights__20251126111002_output.md,16369,288091,949.4437934000016
uploads\MinerU_Delta Green - The Fall of Delta Green(3)__20251130122759.md,188062,uploads\MinerU_Delta Green - The Fall of Delta Green(3)__20251130122759_output_1.md,65672,1241446,21232.135714599994
d:\BaiduSyncdisk\桌游\program_translator\input_files\The Polygraph.md,1700,d:\BaiduSyncdisk\桌游\program_translator\input_files\The Polygraph_output.md,855,9869,43.826291299999866
d:\BaiduSyncdisk\桌游\program_translator\input_files\The Polygraph.md,1700,d:\BaiduSyncdisk\桌游\program_translator\input_files\The Polygraph_output_1.md,782,9681,44.63555559999986
d:\BaiduSyncdisk\桌游\program_translator\input_files\The Polygraph.md,1700,d:\BaiduSyncdisk\桌游\program_translator\input_files\The Polygraph_output_3.md,764,9697,45.31391729999996
d:\BaiduSyncdisk\桌游\program_translator\input_files\The Polygraph.md,1700,d:\BaiduSyncdisk\桌游\program_translator\input_files\The Polygraph_output_4.md,744,10528,356.00752360001206
d:\BaiduSyncdisk\桌游\program_translator\input_files\The Polygraph.md,1700,d:\BaiduSyncdisk\桌游\program_translator\input_files\The Polygraph_output_5.md,552,8268,258.91988890001085
d:\BaiduSyncdisk\桌游\program_translator\input_files\The Polygraph.md,1700,d:\BaiduSyncdisk\桌游\program_translator\input_files\The Polygraph_output_6.md,672,10074,68.41641710000113
d:\BaiduSyncdisk\桌游\program_translator\input_files\The Polygraph.md,1700,d:\BaiduSyncdisk\桌游\program_translator\input_files\The Polygraph_output_7.md,700,10264,161.45152940001572
d:\BaiduSyncdisk\桌游\program_translator\input_files\The Polygraph.md,1700,d:\BaiduSyncdisk\桌游\program_translator\input_files\The Polygraph_output_2.md,666,10215,63.85870949999662
d:\BaiduSyncdisk\桌游\program_translator\output_files\MinerU_Agency_rest.md,28705,d:\BaiduSyncdisk\桌游\program_translator\output_files\MinerU_Agency_rest_output_1.md,7641,131986,5020.557319099986
d:\BaiduSyncdisk\桌游\program_translator\output_files\MinerU_Agency_rest.md,416,d:\BaiduSyncdisk\桌游\program_translator\output_files\MinerU_Agency_rest_output_2.md,116,2030,286.28473750001285
d:\BaiduSyncdisk\桌游\program_translator\output_files\MinerU_Agency_rest.md,416,d:\BaiduSyncdisk\桌游\program_translator\output_files\MinerU_Agency_rest_output_4.md,100,1908,124.5025006000069
d:\BaiduSyncdisk\桌游\program_translator\output_files\MinerU_Agency_rest.md,416,d:\BaiduSyncdisk\桌游\program_translator\output_files\MinerU_Agency_rest_output_5.md,116,2036,85.46685000002617
d:\BaiduSyncdisk\桌游\program_translator\output_files\MinerU_Agency_rest.md,416,d:\BaiduSyncdisk\桌游\program_translator\output_files\MinerU_Agency_rest_output_6.md,116,2029,79.02230720000807
d:\BaiduSyncdisk\桌游\program_translator\output_files\1.md,1023,d:\BaiduSyncdisk\桌游\program_translator\output_files\1_output.md,333,6358,228.20724770001834
d:\BaiduSyncdisk\桌游\City of Mist\ilovepdf_split-range\City of Mist - Local Legends-1-82.md,41057,d:\BaiduSyncdisk\桌游\City of Mist\ilovepdf_split-range\City of Mist - Local Legends-1-82_output.md,17843,307578,10844.8795484
d:\BaiduSyncdisk\桌游\赛博朋克红\赤红传说系列\赤红传说第一季\MinerU_《赤红传说》92-111-收割死神.md,10240,d:\BaiduSyncdisk\桌游\赛博朋克红\赤红传说系列\赤红传说第一季\MinerU_《赤红传说》92-111-收割死神_output.md,4564,85222,2529.7406569999876
d:\BaiduSyncdisk\桌游\program_translator\input_files\《赤红传说》20-37-欲望代理.md,10527,d:\BaiduSyncdisk\桌游\program_translator\input_files\《赤红传说》20-37-欲望代理_output.md,3381,79382,459.1939250000287
d:\BaiduSyncdisk\桌游\program_translator\input_files\《赤红传说》38-51.md,8212,d:\BaiduSyncdisk\桌游\program_translator\input_files\《赤红传说》38-51_output.md,2377,50978,491.52570900006685
d:\BaiduSyncdisk\桌游\program_translator\input_files\《赤红传说》52-73.md,10522,d:\BaiduSyncdisk\桌游\program_translator\input_files\《赤红传说》52-73_output.md,3864,70487,697.2202378999209
d:\BaiduSyncdisk\桌游\program_translator\input_files\《赤红传说》112-127.md,6736,d:\BaiduSyncdisk\桌游\program_translator\input_files\《赤红传说》112-127_output.md,2344,49778,468.87915970000904
d:\BaiduSyncdisk\桌游\program_translator\input_files\《赤红传说》112-127.md,6736,d:\BaiduSyncdisk\桌游\program_translator\input_files\《赤红传说》112-127_output.md,2436,50365,436.8431146000512
d:\BaiduSyncdisk\桌游\program_translator\input_files\《赤红传说》176-181.md,2042,d:\BaiduSyncdisk\桌游\program_translator\input_files\《赤红传说》176-181_output.md,765,13065,75.93555599998217
D:\BaiduSyncdisk\桌游\赛博朋克红\赤红传说系列\赤红传说：希望重生\RTG-CPR-TotR-HopeRebornv1.1_8-19.md,7121,D:\BaiduSyncdisk\桌游\赛博朋克红\赤红传说系列\赤红传说：希望重生\RTG-CPR-TotR-HopeRebornv1.1_8-19_output.md,2297,35327,294.1619947999716
d:\BaiduSyncdisk\桌游\program_translator\input_files\《赤红传说》128-149.md,11752,d:\BaiduSyncdisk\桌游\program_translator\input_files\《赤红传说》128-149_output.md,3452,64139,454.4271066999936
d:\新建文件夹\MinerU_markdown_Pullinen - 2024 - Boundary extension for visual views in virtual reality_intermediate\MinerU_markdown_Pullinen - 2024.md,15433,d:\新建文件夹\MinerU_markdown_Pullinen - 2024 - Boundary extension for visual views in virtual reality_intermediate\MinerU_markdown_Pullinen - 2024_output_2.md,3955,69659,247.48249439999927
d:\新建文件夹\MinerU_Lost_in_the_Lights__20251126111002.md,52841,d:\新建文件夹\MinerU_Lost_in_the_Lights__20251126111002_output_2.md,15453,326958,1231.8040767000057
c:\Users\PC\Downloads\MinerU_AEJMC_Ruoyu.md,6438,c:\Users\PC\Downloads\MinerU_AEJMC_Ruoyu_output.md,2279,35284,149.53216629999224
C:\Users\PC\Downloads\Delta Green RPG - Adv - From The Dust_md_for_input.md,15993,C:\Users\PC\Downloads\Delta Green RPG - Adv - From The Dust_md_for_input_output.md,5309,68327,231.53502619999927
C:\Users\PC\Downloads\Delta Green RPG - Adv - From The Dust_md_for_input.md,15993,C:\Users\PC\Downloads\Delta Green RPG - Adv - From The Dust_md_for_input_output.md,5564,77415,248.45786840000073
C:\Users\PC\Downloads\Steal Like an Artist_md_for_input.md,10108,C:\Users\PC\Downloads\Steal Like an Artist_md_for_input_output.md,3042,37281,124.5876641000068
C:\Users\PC\Downloads\Delta_Green_-_The_New_Age_APU8151(1)_md_for_input.md,32731,C:\Users\PC\Downloads\Delta_Green_-_The_New_Age_APU8151(1)_md_for_input_output.md,8671,170354,421.9339643000858
D:\BaiduSyncdisk\桌游\赛博朋克红\赤红传说系列\赤红传说：希望重生\RTG-CPR-TotR-HopeRebornv1.1_20-41_md_for_input.md,11467,D:\BaiduSyncdisk\桌游\赛博朋克红\赤红传说系列\赤红传说：希望重生\RTG-CPR-TotR-HopeRebornv1.1_20-41_md_for_input_output.md,4632,53190,209.6053225999931
input_files\Essentials of Compassion Focused Therapy_md_for_input.md,141065,input_files\Essentials of Compassion Focused Therapy_md_for_input_output.md,15999,789702,2569.2111600000644
D:\BaiduSyncdisk\桌游\赛博朋克红\RTG-CPR-SoloOfFortune2045_md_for_input.md,21865,D:\BaiduSyncdisk\桌游\赛博朋克红\RTG-CPR-SoloOfFortune2045_md_for_input_output.md,7255,118310,1881.6135333001148
D:\BaiduSyncdisk\桌游\赛博朋克红\RTG-CPR-DLC-NoPlaceLikeHome_md_for_input.md,4351,D:\BaiduSyncdisk\桌游\赛博朋克红\RTG-CPR-DLC-NoPlaceLikeHome_md_for_input_output.md,1541,29117,108.57902409999997
